title,subreddit
Husband was screwing his secretary up the ass when his wife walked in,0
Why does Batman wear Dark clothing?,0
"A man is in court. The Judges says, on the 3rd August you are accused of killing your wife by beating her to death with a hammer, how do you plead? ",0
A poor old lady was forced to sell her valuables to avoid eviction.,0
How do you get a nun pregnant?,0
I'm a masochist. There's nothing I love more than getting up at 3 in the morning for a cold shower.,0
" Son, I found a pack of condoms in your room. ",0
"A blonde guy gets home early from work and hears strange noises coming from the bedroom. He rushes upstairs to find his wife naked on the bed, sweating and panting.",0
What is the most popular type of tree in California?,0
"Before graduating to full priests, the candidates had to undergo",0
Women Are Like Snowflakes,0
Minecraft is Racist,0
Why did the Mexican take a Xanax?,0
"As I sat there scratching my ass, and spying on my neighbor washing her beaver, one thing crossed my mind.",0
Who was the first plagiarist?,0
The vagina has more than 8000 nerve endings,0
I have bought my wife a fridge for christmas.,0
What movie was basically just an ad?,0
" Mom, I'm dating a man. ",0
Trump is doing everything in his power to make Mexico pay for the wall,0
I took an online test to see how much I'm like Hitler.,0
"A cowboy walks into a saloon and takes a seat next to a very attractive woman. He gives her a quick glance, then causally looks at his watch for a moment. The woman notices this and asks, Is your date running late? ",0
To the man who invented autocorrect,0
Lion and Rat,0
Chuck Norris once passed 6 kidney stones.,0
"When i was a young boy my mom would always tuck me in,",0
My great-grandfather warned everyone that the Titanic would sink,0
Protesters in Paris just attacked a fromagerie (cheese shop)!,0
Only anti-vaxxers will get this.,0
"The teacher asks the student, what do you choose?",0
The Secret Service just had to change protocol for when the president is in danger,0
"“It’s impossible,” said pride. “It’s risky,” said experience. “It’s pointless,”said reason. “Give it a try,” said the heart,",0
The only thing Flat Earther's fear...,0
"If I ever find out the name of the surgeon that screwed up my limb transplant, I'll kill him...",0
I just want to thank my bank for lending me the money for my new house.,0
Why did the Romans nailing Jesus to a cross lead to Christianity being the world's most believed religeon?,0
 Nice bike you got there. Did Santa bring that to you? ,0
Why do so many robots live in Africa?,0
Pansexual?,0
If I had a dollar for every gender.,0
Why did the old man fall in the well?,0
Please stop putting flyers on my trucks windshield.,0
My wife asked me if I knew how to spot a fake beach,0
Why can't dinosaurs clap?,0
I went to the doctors office yesterday,0
"I wouldn’t say that I’m psychic,",0
How do you make Holy Water?,0
There's no need to feel down when fat shamed.,0
Genie: I will grant you 3 wishes.,0
Normally I’d never be one for a threesome.,0
What do you call a gay person asking a question?,0
A man needs someone to fix his broken fence,0
I wanted to marry my English teacher when she got out of jail,0
Give a man a fish and you will feed him for the day.,0
The Ikea saleslady wants to have sex with me for some reason,0
My teenage daughter has been trying to straighten a picture on her bedroom wall for the past hour.,0
"What is the distinction between nervousness, fear and panic?",0
A blonde tries to prove that blondes aren't dumb at a blonde convention,0
In what way is life like a circle?,0
What is United Kingdom's top song for December 2018?,0
My wife wanted to make a joke about domestic abuse...,0
Last Christmas my parents got me a pair of flip flops with matchbox cars glued to the bottom..,0
What is a Jewish conspiracy theorists biggest fear?,0
If I had two fish I’d name them one and two...,0
What's Hitler's favorite Christmas song?,0
Mohammad goes to his new school after moving to Dublin,0
I delete every joke that doesn't make it to the front page but...,0
What to do when your mother in law is zigzagging across your backyard?,0
I was super sad when my crush told me she only likes me as a brother...,0
Not everyone gets dark humor,0
The world's leading expert on European wasps walks into a record shop.,0
How much does presidential impeachment insurance cost?,0
2 Rednecks are sitting on the front porch.....,0
Why couldn't the hobbit go into the bathroom?,0
Why doesn't Santa Claus have any children?,0
The only thing flat-earthers fear...,0
So a prostitute offered me to do anything for 500 bucks..,0
"I spent yesterday afternoon making a belt out of watches,",0
A racist man walks into a bar...,0
I have a lot of jokes about unemployed people,0
 I'm NOT a window cleaner! ,0
Why did God make women so pretty but dumb?,0
"When I trained to be a doctor, I decided to specialize in lobotomies.",0
I like my coffee like I like my slaves.,0
Why did the console player cross the road?,0
"A Mexican magician says he will disappear on the count of 3. He says uno, dos... poof.",0
What does a chainsaw and a pussy have in common?,0
My Friend and I were exploring the Appalachia on Fallout 76,0
What do you call a rat that lost its leg?,0
Teacher asked the class to draw a nativity scene.,0
Why was Hitler Destined to fail?,0
Its not anal bleaching,0
2 pilots meet,0
Communism will never work in Greece,0
Did you hear about the gunman who shot up a Catholic Church?,0
"What sound does a noodle make, when used as a whip?",0
What did the financial adviser say to his client asking about if glass coffins were a good investment?,0
"Whenever Autumn comes around, I like to walk around and collect the colourful leaves.",0
What’s the best way to get a drink out of an Irishman?,0
What does the F in communism stand for?,0
I sued the airport for misplacing my luggage...,0
A man bought a new lamp on Amazon.,0
What did one nut saying when chasing another nut?,0
Being married is a lot like playing tennis...,0
Dark Humour is like food,0
"When we’re in a hurry, why do we say “oh shit, I need to pee.”?",0
Where did the pizza learn martial arts?,0
Some people get dark humor  some people get food,0
Why does noone laugh when Queen Elizabeth farts?,0
Karma is like 69.,0
"Driving to work, a gentlman had to swerve to avoid a box that fell out of a truck in front of him.",0
Life is like a box of chocolates,0
Wife : Do I look fat?,0
How does Harry Potter get down a hill?,0
A neutron walks into a bar and asks “How much for a drink?”,0
A bus full of ugly people crashed off a bridge and they all plunged to their death,0
How do you make a hormone?,0
What do you call a bulletproof Irishman?,0
I've never been married but I can imagine what it must be like.,0
"My ex left me because I listen to Linkin Park, took me a year to realize.",0
My girlfriend said she didn't think it was possible to seriously injure yourself by masturbating,0
A blind man walked into a well,0
It takes balls,0
"I think my carbon monoxide detector is malfuctioning, but",0
" I bet that you can wrap Christmas presents with your eyes closed,” I said to my wife.",0
Today in sex Ed class the teacher used a banana to demonstrate how to put on a condom.,0
Women sometimes call me ugly. But that’s only until they hear how much money I make.,0
National Jewish book day.,0
Where does Piet Mondrian make his own liquor?,0
My favorite kind of joke is one that uses proper punctuation,0
Woody walks in on Little Bo Peep and Buzz Light year in the bedroom...,0
Why are women like cocktails? (Nsfw-ish?),0
I recently bought a dog from a blacksmith,0
My bathroom scale is like a ferrari,0
All you need is love,0
I’m like a pirate...,0
Professor: this is the largest species of moth that we know of,0
My girlfriend said being with me is like being on a diet.,0
"As a dare, I had to eat an entire clock.",0
Did you hear about the t-rex who sells pistols?,0
A 9 year old boy comes home from school,0
Did you hear about the soup chef that was admitted to the insane asylum?,0
Some barber in my area was arrested for selling drugs!,0
"just had to take my son's shitty diaper off,",0
"A crow invited all his friends to come round to his house, but no-one showed up....",0
Interesting shell tattoo,0
Yer dads,0
Everyone keeps telling me to give up smoking,0
I tried to come up with a pun for flour and sugar but I forgot.,0
What do you call a duck that always hits the target?,0
How do you call a Jew who farts a lot?,0
What does a Muslim Viking say at the movie theater?,0
"A priest was friends with Stephanie, a blonde woman who regularly attends his services.",0
What kind of shoes does Voldemort wear?,0
A women and her kid visit the coast of Indian Ocean.,0
I can't believe my girlfriend stole a massive dildo from a sex shop we were in without me noticing!,0
"An Englishman, a Scotsman, and an Irishman are all to give speeches to the Deaf and Dumb Society.",0
The Magic Fish,0
"This is not a joke. Need a short, non-riddle like joke ASAP!!",0
Men are better at everything.,0
All Lawyers are Bums,0
A young man brings his new girlfriend home for dinner and to meet his parents for the first time.,0
What is a technician’s favorite cologne?,0
"In a biology lab, a blonde wanted to flaunt to her science teacher",0
"You Should Never, Ever, Question A Drunk..",0
An Interesting Gift,0
What do you get when a cow falls into a hole,0
Where did the Russians send the Italians during World War II?,0
What is the Suns favorite beer?,0
I went and tried to buy a toaster on the Dark Web,0
Today I learned how to say “no” in Australian.,0
What did the New Zealander say to the Jew?,0
Conversation between a nerdy guy and a nerdy girl,0
"With all the STD’s out here, I’m scared to even have phone sex.",0
A handsome man went into a hotel and asked to see the boss,0
Studies say obesity is the main cause of erectile dysfunction,0
I actually had some good luck asking girls for their address instead of their phone number.,0
They told Beethoven he’d never make music because he was deaf.,0
Baking a cake(oldie but a goodie),0
Super Smash,0
Whats furry and minty?,0
Woman goes to the doctors with a bit of lettuce sticking out of her underwear,0
I made the rookie mistake of going shopping while hungry...,0
What does Sans say to a man turned into a turd?,0
Why did Tigger have his hand down the toilet?,0
What do you call a weapons shop owned by three blacksmiths who are all dating each other?,0
Billy Joel must’ve been right when he sang “Only the Good Die Young”,0
Why Trump decided to build tall walls ?,0
"So, John received a parrot, as a gift.",0
If you're ever havibg a seizure just remember that you will be......,0
TIL The Discovery Channel recently green-lighted a controversial new special...,0
Do you want to know a pizza joke?,0
During my job interview one of the pipes in the ceiling exploded and faeces slowly began to fill the area we were sitting in. The awkward part was that nobody mentioned it.,0
A man goes to his doctor asking for the secret to live a hundred years...,0
I got scammed and overpaid for a terrible circumcision,0
why do people go to Starbucks to write books?,0
There was once an island kingdom whose people were all fabulously wealthy.,0
"Once, a grandson was talking to his grandmother",0
Why are monks so good at protesting?,0
If Inspector Gadget were a Lady,0
What's the best bounty hunter in the galaxy with one eye?,0
How does Reese eat her soup?,0
My girlfriend and I were at an abortion clinic,0
There is currently no cure for premature ejaculation.,0
A communist joke is NOT funny,0
Dave rubs a magic lamp and the genie grants him 3 wishes.,0
My dad got a new horse.,0
“God how long is a million years to you?” The boy asked,0
BREXIT,0
What do they call Gold Bond at Hogwarts?,0
A man walks into a restaurant and notices Lobster tales for a cent on the menu.,0
A study has just discovered that beer contains female hormones,0
Which Star Wars character is obsessed with cheese?,0
Farmers these days need to feed their cows marijuana to create a better tasting steak than their competitors,0
"A Catholic Priest, a Baptist Preacher and a Rabbi were sitting around drinking coffee...",0
What is a Mexican’s favorite sport?,0
So a guy comes home from work and hears a Donkey screaming....,0
"Just finished buying the family Christmas tree and as the clerk was tying it down he asked me, So you plan on putting this up yourself then? ",0
"I work with a Chinese guy called Kim and one time at a works function,",0
"Before we checked in, My dad went to the front desk of the hotel if the porn was disabled.",0
What do you call a reptile that likes to start trouble in the animal kingdom?,0
I was in the shop looking for a jacket...,0
I got really sick from eating Indian takeout last year.,0
A yam and a hot dog are having a heart-to-heart...,0
The movie Hulk was just an advertisement.,0
What do you call 'killing a furry'?,0
What doctor eats dick but isn’t gay,0
 Fifty Shades of Grey gives its readers unrealistic expectations.,0
"Christ, party of 13",0
My Tap's Really Scary,0
What does a Canadian have that everyone also has,0
What do you call a gay Frenchman?,0
Did you hear about the guy who got arrested for stealing lube?,0
A guy goes to a psychiatrist.,0
Red alert,0
I don't like the word gun,0
What do you call a toe in the vegetable hood?,0
"You can tune a piano, but you can't...",0
A policeman stops an old guy in questionable condition at 1am.,0
Man trys nude sunbathing and burns his dick,0
TIL that women's vaginas are their second mouths,0
"Every morning at breakfast for the past 6 months, I announce loudly to my family that I’m going for a jog, and then I don’t.",0
First time with a condom..,0
My friend pointed out a plane.,0
Why I fired my secretary,0
"I bought my wife a gift for Christmas and hid it in the perfect spot, a place she would never look.",0
"While picking up a turkey for this Thanksgiving, I overheard this gem.",0
What does a priest and a McDonalds have in common,0
What do you call an Arab who's really good at eating pussy?,0
[NSFW: Offensive] So little Lisa is playing at the playground..,0
Did you hear the joke about the midget who robbed a bank and then escaped down a fire escape?!,0
What do you call a cow thats had an abortion? [NSFW],0
How do you know a chicken coop has only two doors?,0
Lasaña,0
Yogurt is like...,0
"Grandad: I fought in the war, you know.",0
What's the chemical formula for Batman?,0
"Two drunks had just gotten thrown out of the bar and are walking down the street when they come across this dog, sitting on the curb, licking his balls.",0
A store owner was tellimg his goods to get well soon and rest well .,0
I hate it that whenever I ask a girl out she tells me : Stop harassing me ,0
Always be true to yourself. Never listen to those who tell you what you can't do.,0
A lady is speeding over a bridge.,0
A young man walked into a bank,0
What does a Ninja Turtle call its belt?,0
What is a good name for a half black and half white kid ?,0
I got myself a seniors GPS,0
"My father was the rector for a local church. He was responsible for making sure all the doors were locked, and for putting away the benches after services.",0
Always be true to yourself! Never listen to those who tell you what you can't do! They told Beethoven he'd never make music because he was deaf...,0
Have you heard of the new dating site for narcissists?,0
A recent scientific study showed that women could hold the smartest gene...,0
"I’m broke, sad and a disappointment to my parents. But at least I’m not in debt",0
What did the homeless man get for Christmas?,0
Mr. President: Walls do work...,0
How many tech support specialists does it take to change a lightbulb?,0
"I had ten puns all ready to go for the pun contest, but I had them in stitches with the first joke.",0
You know what is the best part of ISIS joke.,0
Elementary grammar: No sentence without a term.,0
The school system,0
Do you want to hear a joke about black people in a basement?,0
Why do Cows have hooves instead of feet?,0
Why is it called a protractor?,0
What do you call a dog who builds houses?,0
"If a chemistry student is too stupid to learn about Oxygen,",0
Do you know what Vladimir Lenin was doing in his free time ?,0
How many points does it take to draw a curve?,0
What's the difference between a piano and a can?,0
Bill Gates is walking on his private beach of his villa...,0
What's the difference a knife and a woman arguing?,0
A guy dies and goes to the gates of heaven,0
How do you fit 100 Jews in a car?,0
Will glass coffins be popular some day?,0
"A man goes to the doctor and says: Doctor, there's a piece of lettuce sticking out of my ass. ",0
Death from Viagra,0
Why do Breast Cancer survivors not like to talk about their treatment of the cancer?,0
"Do you know why, when birds fly in a V, one side of the V is longer?",0
Did you hear the joke about my FedEx package?,0
New Dishwasher launched on the market!!!,0
Buddy’s wife is in coma and doctor wants to try just one more thing before giving up hope...,0
What's the difference between a hand and a frying pan?,0
Why does a Walrus like Tupperware?,0
What kind of drugs do you get from a wizard?,0
"When I reached puberty an angel approached me and asked me if I wanted the gift of a strong, lasting memory or a big penis.",0
I feel the classical musicians from the 17th and 18th century were not financially well-off.,0
3 good arguments that Jesus was black [long],0
Teacher says to little Billy at school:,0
Some say that the bombing of Japan near the end of world war II was a gross overreaction…,0
I went to the doctors recently. He said: “Don’t eat anything fatty”,0
What does a chinaman do he has an erection?,0
"Yo mama's so hot, she out pretties pretty woman,",0
What’s the difference between me and America?,0
"Kid: Dad, what are condoms used for?",0
Did you hear about the crazy doorman?,0
A guy walks into a bar...,0
I saw a monkey at the zoo who was a fruitiphile.,0
"Jim and John wanted a drink real bad, but they barely had a euro between them",0
What do you call a snake that’s 3.14 m long?,0
I think my interviewer wants to sleep with me.,0
What's the most popular top-level domain in Mordor?,0
Why can a chicken coup only have 2 doors?,0
Two nuns are riding their bicycles down the street.,0
"A good percentage of my friends are either racist, sexist, or Nazis.",0
What did one German starch say to the other?,0
Allow me to be perfectly Frank...,0
Why do norwegians put barcodes on their ships?,0
Most people write congrats,0
A dumb blonde goes to bed with her boyfriend...,0
A participant in a duel showed up armed with a pencil and paper.,0
YouTube Rewind 2018 now has the most dislikes through YouTube history.,0
A woman goes to an interview,0
I was always eating slowly.,0
A man walks into a community pool bathroom after swimming a few laps in the morning.,0
What's the difference between all year tyres and all year sex?,0
Did you know Trump went to Syracuse?,0
The doctor diagnosed me with hypochondria today.,0
What kind of help does Alligators offer?,0
May The Force Be With You,0
What did Jefferey Dahmer's mom say when he passed the meat at Xmas dinner?,0
Today I thought I had my shit together,0
My bandmates keep getting mad at me for taking so long to write song lyrics.,0
2 tampons are walking past each other. Which one says hi first?,0
How do you find the population of a college?,0
My friend told me I was bad at chewing,0
I child proofed my house yesterday.,0
I wasn't particularly close to my dad when he died...,0
Why did the blonde astronomer bring her steak into the bathroom?,0
When my lady is on her period...,0
What’s the number one cause of death in mimes?,0
What do you call a communist sniper,0
The symphony orchestra was performing Beethoven's Ninth.,0
One night a wife sat at home waiting for her drunken husband to get back from the bar,0
Some idiot turned on all the fans in the basement,0
What is the most popular type of tree in California?,0
Kim Kardashian is famous for having a big ass,0
There was a little old lady at my bank.,0
Have you noticed the hundreds of “My Suicide Story” videos on YouTube?,0
How did an Orc kill Treebeard?,0
I came up with this joke about wild pigs but...,0
Knock knock,0
I asked Pewdiepie what he wanted for dinner,0
Why can a thermometer get any professional job it wants?,0
How Many Grammar Nazis Does It Take Too Change A Light Bulb?,0
How can you tell if a mime is choking?,0
How many goths does it take to change a lightbulb?,0
How does a jewish man make coffee?,0
Ok Ok already! I am willing to do the Chief if Staff job for Trump but with one Q,0
I would make a Ricegum joke,0
If I had a dollar for every time I drove drunk,0
A catholic priest died and asked Jesus what he thought about all the sin in the world. NSFW,0
How does the dyslexic jedi spend his time on reddit?,0
Have you ever had sex with an alien?,0
"It's amazing how Seasons work. I'm in Japan, it's mid December and I'm freezing...",0
How did the squid manage to join a football team?,0
My wife won't stop making jokes about my small penis,0
Today at the gym I asked a girl what her new year's resolution was.,0
"Every time I have sex, it's a race about who comes first...",0
"After God created 24 hours of alternating darkness and light, one of the angels asked him, what are you going to do now? ",0
My wife had the nerve to call me lazy yesterday while shopping,0
I wrote “Will you marry me?” on a balloon to propose to my online girlfriend.,0
I just got banned from /r/fashion,0
I feel like wic is the only goverment program that actually is taking steps to make america grate again.,0
I HAD A ROUGH YEAR,0
A woman was holidaying in England when she visited her doctor.,0
What do you call a Mexican Midget,0
What are the two people needed to make a table?,0
Someone made a movie about r/Jokes,0
What solves more problems than money?,0
Vladimir Putin is taking Donald Trump on a private tour of the Moscow Zoo.,0
I may not know how to bake toilet paper,0
A blind man walks into a bar.,0
My buddy told me nothing rhymes with orange.,0
I heard it was difficult to do a self circumcision...,0
Who was the first thalidomide victim?,0
What do you call a dog with no legs?,0
Genie: You have three wishes,0
Do you know what's on pages 5 and 6 of an Opel manual?,0
The word “diputseromneve” may look ridiculous…,0
"If at first, you don't succeed",0
What do you call a Konami game in jail?,0
Santa Claus is like my dad.,0
"Even if you don't notice any improvement from acupuncture,",0
What does a Judoon (Doctor Who alien) say when he hugs his friend?,0
Nintendo has made my love life awesome recently,0
A woman is drowning at a nude beach. . .,0
I thought my favorite pitcher got three strikeouts,0
So it seems Tan France has an issue with his treatment by TSA,0
Theresa May's political plans over a full breakfast,0
Talk about ungrateful....,0
A mother of two children had bought venison off of a hunter.,0
Why wouldn't Stan Lee want a big funeral?,0
"My daughter asked me, Daddy, why is your nose in the middle of your face? ",0
A man walks into a dog pound to adopt a pet...,0
A man with a crocodile walks into a pub,0
hmmmmm,0
If a girl tells you she will be ready in 5 minutes...,0
"Yesterday, I gave up my seat on the bus for a blind person...",0
My friend told me he hooked up with a saxophone.,0
Did you hear about the nun who couldn’t stop scratching her head?,0
What is red and burns in your face?,0
Mexican names tend to have multiple syllables,0
(OC) What does Sean Connery use to dry his plates?,0
Wife : Come over,0
Trump should not have said shit-hole countries .,0
"You give a women a inch she'll take a mile, give a man an inch...",0
From my young cousin:,0
Porn and innovation...,0
Every day we stay further from god...,0
Will invisible airplanes ever be a thing?,0
What type of wood is best for caskets that are to be cremated?,0
A former Trump associate walks into a bar...,0
"One Morning, President Trump is being briefed on the world events of the evening prior by his secretary...",0
spoiled milk,0
Why did the cannibal get food poisoning in India?,0
Three good friends always wanted to go to Africa.,0
"Today, I talked to my Chinese Grandfather",0
Causation vs. Correlation,0
I really like the music of Celine Dion,0
What do you tell a fearful guitar?,0
The family is at the dining table.,0
Why did the music teacher go to jail?,0
I once entered a hotel that was hosting a professional chess tournament. There were a bunch of players bragging about how good they were to incoming guests,0
When the US Army couldn't Pass Muster,0
What do you call an Arab investor?,0
My dominant gene is...,0
stolen joke lol,0
Donald Trump said he named his daughter Tiffany after his favorite store: Tiffany's.,0
 I knew you had it in you! ,0
"Last night, my psychic told me I was going to win the lottery, and quit my job.",0
An American ship is next to German land,0
I was the most poorly dressed pallbearer at my father's funeral,0
A relationship is a lot like a fart,0
What is the difference between an erection and an election?,0
So American man goes to China...,0
Michael J. Fox,0
Golfer's dilemma,0
"If you ever feel like you’ve failed, a lot of people dislike you, and your out of touch with the people who rely on you, just remember one thing:",0
Been dating the same girl for 5yrs.,0
What do you call a vacuum that interferes with the legal system?,0
A boy was singing one day,0
"After years of trying a Chinese couple, the Wong's, finally get pregnant. With much anticipation Mrs. Wong delivers a beautiful Hispanic baby boy..",0
A young guy comes to the city for a job ....,0
What do you call a regular potato discussing the news?,0
Why don't furries shake hands?,0
"Doctor: So do you want the good news, or the bad news?",0
College is like a wife...,0
My marriage is like a fairytale,0
What do you call a flying monkey?,0
I went to the liquor store yesterday.....,0
Why do men snore when they sleep on their backs?,0
Why don’t ants have dicks.,0
Calling across timezones is the worst.,0
"“Hey son, it’s hot outside! Why don’t we play catch?”",0
things that i hate,0
There are some things you can’t say with a straight face.,0
My girlfriend says I'm better than Moses.,0
"I was talking to my best friend the other day, and began discussing how long we've been friends. We ended up getting in a fight, which turned nasty. He might've broken my nose. Then he brought up all the things he'd say to me back when he was a bully instead of a friend.",0
I love fucking dogs.,0
 I'm the brightest star! ,0
Why womanizer exists,0
Did you know that a new verb has been added into the Oxford Dictionary? The definition is: To prank somebody in a infantile way.,0
Owen Hart was an incredible lover,0
My favorite form of birth control is a condom inside a condom inside a condom...,0
A terrets group therapy session is a lot like nuclear fission,0
How do you posion a woman with a razorblade?,0
One of my classmates made everyone falsely believe that I was gay,0
A 1st grade teacher brings his class out for a science field trip to the local park,0
Lighthearted talk about patriotism...,0
What do you call an Ethiopian infant crying,0
Never trust atoms,0
My dog had an habit of chasing people on a bike.,0
It's the story of two wealthy men and Hitler,0
My accountant is actually a prostitute,0
The little girl,0
The contest,0
Just made my first lino print.,0
Final expense salesman call me,0
Have you heard the joke about the Jonestown cult?,0
Did you see my comment about that deflated balloon?,0
A woman was quite upset to find that her partner had named their child Fuh.,0
Two fish swim into a concrete wall,0
What does Santa Claus have in common with a teenaged boy?,0
Broccoli,0
"My dad is from the North, my mum is from the South.",0
I'm not addicted to brake fluid.,0
What's the difference between a French kiss and a Belgian kiss?,0
Did you hear about the assault with a deadly weapon at the church?,0
Samsung...,0
An old lady visits her doctor.,0
How do you know if a clown is gay?,0
A clam broke up with her schizophrenic boyfriend.,0
the earliest computer dates back to adam and eve,0
A dyslexic minority,0
"When the two loaves of bread got married, the grooms speech was a standout.",0
Three friends are in a hotel room in Soviet Russia,0
I was talking with someone about classical flute music,0
"Did you hear about the guy who was arrested for ruining $10,000 worth of paint?",0
"In America, prison reform is a political issue.",0
Why do kids get excited for Santa and not Jesus on his birthday?,0
In Soviet Russia,0
"I once saw a huge explosion in the distance, and I remember thinking Why is there no shockwave? That's weird ",0
What disease is extremely contagious among Catholic leadership?,0
I was asked to make a joke about wood furniture.,0
"I know that Reddit has a problems with Multiple throwaway accounts for the same individual for trolling perposes,",0
How do you find Will Smith in the snow?,0
"Contrary to popular myth, Owls are actually quite stupid.",0
Did you hear about the guy who was a conscientious objector in the War on Christmas?,0
Women only call me ugly untill they find out how much money I make.,0
My Girlfriend broke up with me because according to her I keep quoting Sherlock all the time..,0
A neutron walks into a bar,0
Helping a friend in need...,0
I used to know a crippled guy who had a serious hatred for the National Anthem...,0
Why did the baker have brown hands?,0
Why didn’t the lifeguard save the hippie?,0
Two young siblings have a bath together.,0
An Asian family went to the doctor for some blood tests,0
Unexpected sex,0
What does the F in Ethiopia stand for?,0
Who was the first to perform a moon walk,0
Difference between a unicylcist with nice clothes and a bicyclist with terrible clothes?,0
A guy calls into his work one morning,0
Did you hear about the heavy metal band that also makes Christmas music?,0
I'm really good at matching tiles.,0
Arnold Schwarzenegger was asked i an interview,0
Wrapping gifts while kids are in the house is a lot like trying to have sex while kids are in the house.,0
What does the W in Africa stand for?,0
How is Santa able to get his personal Christmas shopping done so quickly?,0
Why did the boss give the hovercraft a promotion?,0
What do you call a black man with white hands?,0
What do people hate most about Winter?,0
When I see Donald Trump I get the same thought in my head as I get after a particularly painful bikini wax.,0
Someone asked me to make a joke about wood.,0
What’s a 6.9?,0
My town just had its annual incest competition...,0
"I ordered a second-hand deck of cards from a casino. After four weeks, they still hadn’t been delivered, so I called them up to see what was going on...",0
PICK YOUR BATTLES,0
What sound does a gnome make when he’s eating dinner?,0
What did the German dad say to his wife while he was giving the baby a bath?,0
What is a Camel,0
So I was telling my friend how I started adding pepper to my ham sandwich’s.,0
You have E. Coli?,0
What do you call a snake that likes math?,0
What do you call 500 Lawyers at the bottom of the ocean?,0
Did you hear about the elephant that orgasmed?,0
I went to the Dr today. He said don't eat anything fatty .,0
A man gets caught letting his son drink some of his beer...,0
I like my women like i like my butter,0
What’s the difference between people from Dubai and people from Abu Dhabi?,0
A woman places an ad looking for a man to be her lover.,0
Immanuel Kant,0
A joke i thought of while playing cuphead.,0
God mode,0
They say love is always around the corner,0
Girl goes on a date. Afterwards her friend asks how was it? She says well long story short... ,0
Some guy made a giant penis statue outside of my house the other day…,0
What did the doctor say to his patient who couldn’t masturbate in the cold?,0
Why did the chicken cross the road?,0
What did one satanic redneck say to the other?,0
Why are millennials so odd?,0
Thank you #MeToo for helping me find my voice,0
Any person who illegally exports sheep is called an Owler.,0
"I met my Chinese neighbour, Mr. Long, for the first time the other day. I said to him I've been here months and still don't know your name ...",0
A Jew joke,0
"Did you know, flintstone vitamins are not sold in all but one city in the United Arab Emirates? The citizens refuse to eat them.",0
What’s the difference between a garbanzo bean and a chickpea?,0
What's the definition of a farmer?,0
Three pilots died on Christmas Eve and were met by Saint Peter at the pearly gates.....,0
What do you call a cheap circumcision?,0
Paddy and the new girlfriend,0
What did the duck want on it's burrito?,0
Barman: We don't serve time travellers here.,0
"Twenty years from now, kids are gonna think Baby it's cold outside is really weird, and we're gonna have to explain that it has to be understood as a product of its time.",0
"If a chain of islands belonged to Germany, what would it be called?",0
The meaning of life,0
How do you circumcise a hillbilly,0
If the plural for mouse is mice,0
What do you call a male Disney character at a formal event?,0
Why will you never go hungry in the desert?,0
What is the difference between a snowman and a snowwoman?,0
It took me 2 weeks to realize my calendar was printed upside-down.,0
What is the difference between Iron Man and Iron Woman?,0
I heard that people who live in Florida are some of the most untrusting people in the country...,0
"My business partner Steve completed her transition to Stephanie, so we had to re-write our contract...",0
Hollywood is making The Feeding of the 5000 based on Jesus' miracle.,0
When I was at a party I lost my watch and couldn’t find it anywhere.,0
Condoms,0
Two tribes go to war,0
A Roman legionnaire walks into a bar.,0
Going into my son's room is the same as going to Ikea,0
A woman walks into a bar and asks the bartender for double entendre,0
I woke up this morning with German hair,0
What kind of programming do trans robots have?,0
Why does the pirate laugh when reading a newspaper?,0
How rich are garbagemen?,0
Why do fewer people get asked out on dates after April?,0
I asked my personal trainer which machine I should use at the gym to impress the ladies..,0
Due to Political correctness Dick Van Dyke is having to change his name,0
Men are simple.,0
There's only one...,0
Why don't people eat clocks regularly?,0
"Who from these 4 is my father, asks the son",0
I saw a book for sale titled How to solve 50% of your problems in the library,0
I was asked to tell a joke about wooden furniture.,0
What does a cow call his life partner?,0
How do you think the unthinkable?,0
How do Russian sheep talk?,0
Why did the body builder go to the crustacean church?,0
My local Trump-supporting grocery store has stopped selling all pre-shredded cheeses,0
"After I made too many jokes about trigonometry, my friend told me he was going to smack me with a cosh if I kept it up.",0
What did Cardinal Pell say when the Australian Judge asked why his conviction should be suppressed?,0
What do you call a bisexual gamer?,0
A blonde and a brunette are on an elevator as a gentleman in a suit gets on.,0
You are nobody ....,0
What did socialists use before candles?,0
Why do all 6 year olds know first hand about climate change?,0
"The more I look at it, my life is just like my dick’s",0
I tried the gym,0
A wife texts her husband on a cold winter morning.,0
How do I stop this pregnancy?,0
" Mother, I am dating a male human! ",0
I remember the first time I got my daughter a drink.,0
I went to a restaurant in Paris.,0
Why is the clown always amused?,0
A woman on a flight gave birth to a baby.,0
I was sorry to hear I’d failed the analogy course...,0
"“Son, get up! You have to go to school!.”",0
A joke is a dad joke...,0
"A newlywed gay couple, John and Darryl, buys an old home",0
I almost got married once...,0
What is the difference between a bomb and a feminist?,0
A flock of crows flew beak-first into window at horrifying speeds.,0
How much did Jon Snow win on Jeopardy?,0
"A male college student wanted to have sex for the first time with his girlfriend before graduation, the problem is he was living with his 8 year old little brother and they shared a bunk bed, where he slept on the top bunk",0
I've just moved into a bungalow,0
He insists...,0
How many Mexicans does it take to screw in a lighbulb?,0
Victim: Then the robber walked through the door holding a gun!,0
Beer cheaper than water in Oakland.,0
Why do cows have hooves instead of feet?,0
Cold Ones -NSFW,0
No Nut November was kind of tough. But I was able to do it.,0
"At first, I wasn't too happy the way my barber cut my hair, but honestly..",0
A Crackhead an Alchoholic and a chain smoker all die in a car accident.,0
A man walks into a zoo...,0
If anyone is Christmas shopping for me...,0
Viagra won't turn you into James Bond...,0
"100 years ago, everyone had horses and only the rich had cars. Today, everyone has cars and only the rich have horses.",0
Ho Ho Ho,0
What kind of fake hair does a stuttering rapper use?,0
I had a friend ask me how I viewed lesbians.,0
Most security guards don't have enough time on their hands.,0
"Three college graduates—one in Math, one in Engineering, and one in Economics—sit for a job interview.",0
I quit drinking cold turkey.,0
Kid: why’s the food so cold and bland?,0
Do you know why they call them dumbbells?,0
What’s the difference between a poorly dressed man on a tricycle and a well-dressed man on a bicycle?,0
True story: My girlfriend asked if I was okay carrying my car's new tire.,0
I went to a sandwich store and ordered a mean sandwich,0
My friend phoned me.,0
Whats the real theme of the baby shark song?,0
I thought I was wrong once- turns out I was mistaken.,0
"A lost dog strays into a jungle. A lion sees this from a distance and says with caution this guy looks edible, never seen his kind before .",0
Playing at my first juniour football game was alot like the first time I had sex.,0
Before/After sex,0
The other day I was asking the bartender for the WiFi password,0
"On his first day in prison, Michael Cohen should walk up to the biggest guy in the whole yard",0
It’s nice to have people that love you,0
A group of crow are called murder,0
What is a crows favorite vegetable?,0
What did the Ancient Egyptians call the Pharaoh who farted oddly?,0
Did you hear about the two blokes who stole a calendar?,0
Why didn't the vulture have to check in his luggage before flying?,0
Why do chicken coops only have 2 doors?,0
"Sam and Becky are celebrating their 50th wedding anniversary when Sam says to Becky,",0
" Oh, you can pull love balls out slowly? ",0
One morning with a purse full of money,0
"Hey baby, are you an earthquake?",0
Do you know the difference between eccentric and crazy?,0
If Jews are so smart...,0
So I get home from work a little early one day.,0
Why do seagulls live by the sea?,0
A crow asks a lady to donate to it's charity,0
What is the hare's favorite horror show on TV?,0
" Mummy, when I grow up I wanna be a drummer! ",0
There were two muffins in an oven...,0
"Next time someone tries to tell you that pee is stored in the balls,",0
A man goes to r/BBW because he thought the name of the sub said r/BBQ.,0
Why are people out on the streets in Budapest?,0
I'm a very responsible person,0
What do you call a white wizard giving Santa a ride?,0
Why Couldn't Trump be Vice President?,0
TIL: Stephen King has a son named Joe.,0
Why did the chicken cross the road?,0
Superbowl,0
I've got an allergy to butts.,0
I thought of telling a joke about a virus,0
A Made A Snowman Last Night,0
Why did the French people at the feeding of the 5000 sympathise with Jesus?,0
A young Irish man called Paddy wanted to buy a Christmas present for his new girlfriend.,0
"Yesterday I found $50 on the street and as a good christian I thought, What would Jesus do...",0
My three year old girl asked me,0
As I am walking through the park and the police is stopping me asking Does your dog chase the people on a bicycle? ,0
What happens when a politician takes Viagra?,0
What's a real estate agents favorite song?,0
Thought 100,0
"When I was a kid, we were so poor, if I hadn't had holes in my pants pockets........",0
I got thrown out of DisneyWorld for spreading my dead mother’s remains around the park. It was her dying wish.,0
What does a baby computer call its father ?,0
I've heard that sex in the shower is amazing,0
"Three men die close to Christmas. At the pearly gates, St. Peter greets them.",0
If an electrician wrote a song,0
"As a cat owner, I've come to a conclusion - condominiums are not for cats.",0
"What is under you, if you remove one letter on top of you, and if you remove two letters around you?",0
Did she move the painting of Jesus?,0
"The Sun looked down at me, smiled and said, “Good morning. Want some light?” I exclaimed, “What a beautiful day! Thanks Sun! The Sun chuckled, “Here’s some heat as well. Sweating, I groaned, “Wow, it's getting hot now. Menacingly, the Sun roared...",0
Why can't you gamble in Africa?,0
What do you call a one legged Asian lady?,0
2 men and a midget walk into a bar,0
Theresa May or Theresa May not be a Prime Minister in a couple of hours,0
I'll never fly delta again.,0
I've decided to start an educational campaign to tell people about the health benefits of eating dried grapes...,0
Only suicidal people want to hang with me.,0
My dad compared his relationship with my mom to cheese,0
Two whales are sitting at the bar. One goes to the other: “ooooooOOOOOOOooo hmm hmm hmm. Ooo ooo ooo. Hmmmnmmmmmmnnnnnnnnnnng Ooooooooohhhhhhhhhhhh. Mmmmmmmmmmmmmmmmmmm hmmmmmmm. OoooooOOOOOOOOOOOOOOOOOOOOOoooooo. HmmmmMMMMMMMMMMMMMM. Ohhhhhhhhhhhhhhhh. MnnnnnnOoooOooooo”,0
Have you heard about the man who got cooled down to absolute zero?,0
A couple went on a date in December...,0
Reddit is getting to me..,0
"My girlfriend said, You act like a detective too much. I wanna split up. ",0
What did the redditer say when someone showed him a joke?,0
Do you know why women don't spit as much as men?,0
A Canadian asks an American to watch a movie together.,0
I am the Jon Snow of my class,0
Where did Hitler keep his Little Armies?,0
"What came first, the chicken or the egg?",0
Me: You want to listen to the Lone Ranger theme song?,0
cousin: *hanging pictures in the other room* Come in here and give me your opinion about something ,0
I think I might have an open casket funeral..,0
Why was there only 2 pallbearers at XXXTENTACION’s funeral?,0
What does a Porsche and my sex life have in common?,0
I like my coffee like I like my women.,0
Constipated people...,0
A girl goes up to her mother,0
" Mom, I'm going to Scotland ",0
I told myself if I was unbreakable I would walk straight threw the dagger[AlanWalker Joke],0
Nobody has original ideas anymore.,0
Two cows in a field.,0
Today i took an L at the store,0
What do you call a deaf traitor?,0
Two cheese trucks ran into each other...,0
Cheating Wife...,0
Why do Christians avoid trigonometry?,0
Band-aid went out of business,0
My password is easy to guess,0
Lincoln loved the opera more than almost everything else... I guess you could say...,0
I don't see why people say cancer is hard to beat,0
When life gives you melons...,0
Some worry that Santa Claus is negatively impacting the environment with all the coal he gives out,0
What is the definition of democracy?,0
Difference between Trump and Gritty?,0
What’s the collective noun for a group of bloodsucking parasites?,0
How many suburban white mothers does it take to screw in a lightbulb?,0
I wanted to throw a surprise bukkake party for my girlfriend.,0
"A graham cracker, a marshmallow, and a chocolate bar are alone sitting by a campfire.",0
What do you call an iron/carbon alloy that never gets embarrassed?,0
My wife asked me what i was doing on the computer last night...,0
Whatcha call someone who discriminates against you's?,0
What do you call it when Cinderella rushes to the ball?,0
A suicide hotline in the United Arab Emirates,0
Sex is a lot like life,0
Hitler is basically Thanos...,0
Why do you smoke weed before an exam?,0
I think someone stole my mood ring.,0
What’s a teashop owner’s favorite type of musician?,0
Never Apologise! Never Explain!,0
You Don't Have to Choose Between Being Pro-Life or Pro-Choice,0
My girlfriend told me she’s afraid to give a blowjob...,0
I thought I made a good airplane joke,0
What did the man say to Hello Kitty?,0
The only Russian swear word I know,0
What did Jesus ask of his disciples when he was on the cross?,0
A robot feminist gives a speech,0
Dating in your late 30s is weird. I recently dated a girl who was born the year I lost my virginity,0
tis is sow sab allselsa paly,0
"If Santa was a millennial, what would he say?",0
I went to a meet up for people who cosplay as ghosts the other day.,0
What's the difference between a hippo and a Zippo?,0
I don't usually tell dad jokes,0
Did you hear about the high profile conviction of a Cardinal in Australia?,0
Have you heard the gossip about butter?,0
Three women escape from a prison and take refuge in an old barn.,0
How do Mexicans cut pizza?,0
Ever wonder why angels are put on top of Christmas trees?,0
A deaf couple get married,0
A farmer is selling manure at an auction,0
My dad used to say to come home before the street lights come on,0
My wife found out I was cheating on her after she found all the letters I was hiding.,0
Star Trek Enterprise's crew regularly visit this deck during for season's greetings.,0
What does F in Reddit stand for?,0
 be there or be square ,0
What is a mathematician’s favorite salad?,0
I love taking my blind daughter out for a drive.,0
Can May-December relationship last?,0
I work for a hair product company and I did a survey on girls by asking them what shampoo are they using. They all have the same answer.,0
What do you call a popular Christmas decoration made out of $100 bills?,0
So i spent all day giving a crap...,0
A shop that sells fake grass for gardens was robbed...,0
A nursery school pupil told his teacher he'd found a cat,0
"Worker- Can I get a raise? Boss- Because of the fluctuational predisposition of your position's productive capacity as juxtaposed to the industry standards, it would be monetarily injudicious to advocate an increment.",0
The body has been poisoned!,0
Santa’s kid really likes studying language,0
A salesman has to travel to Pittsburg for work...,0
I paid 420 on a after market car part and the packaging smells funny,0
"Somebody once told me, Nintendo should add a new character to Super smash, called The Mouth, to compete with The Hand.",0
What do you get when you cross the Atlantic Ocean with the Titanic?,0
Why did the chicken cross the road?,0
I woke up this morning to find my books scattered all over the floor.,0
If the Earth is flat...,0
When I die I want my remains scattered at Disneyland...,0
There was a man named Reap that organized lavish parties.,0
"I needed $2.50 to take the bus home. I only have $2.15 on me, I told the driver, but to make up the difference, I'll greet wood planks. How's that sound? ",0
"I always thought out of all the X-Men, Cyclops seemed like a stand up guy.",0
Why didn't Monica Lewinsky get a tax return in 1995?,0
"There was an English man, a Scottish man and an Irish man",0
I thought it was December...,0
They say that alpha males are always the ones wearing the pants in the relationship.,0
My wife's gynecologist does her pap smear with an orbital sander...,0
When you hate your friend nasaur,0
What do Irish people only put 239 beans in their chili?,0
I airplayed youtube rewind 2018 on my class apple TV,0
What did the Buddhist say to the hotdog vendor?,0
What do you call a lesbian dinosaur?,0
Why is it so hard to apply for the light bulb factory?,0
I was fired from my last job because they searched my desk and found coke,0
"The doctor, architect and 2nd hand car salesman",0
What did the stingy old miser say to the pimp?,0
"Even as an adult, everytime I eat a Werther's candy, it reminds me of my grandmother",0
Chad is calling his girlfriend late at night to see what she's up to.,0
What did everyone say when they heard Magnesium and Oxygen were going out?,0
Political opinions are like penises,0
My ex- broke up with me because I called her and my son baby. ,0
What did the father say before stars were created?,0
What did the frenchman say when his partner in crime asked if they should steal something?,0
What happened to the guy who called Terry Crews muscles too small?,0
Why do divers have to dive backwards to get in the water?,0
Dougal The Scot,0
What did the Nazi soldier say on the crystal night?,0
"So in 2018: my love left me, my dream is likely unreachable now, my future plan is shit and I have $15 in my bank account...",0
Does my Thai girlfriend have a penis?,0
How are marriage and divorce the same thing?,0
Grandpa and Grandson,0
Why do French riot police leave early for work?,0
What did the wine glass say to the beer mug turning 1 years old?,0
Fishing and girlfriends are exactly alike,0
"There were four people on an airplane. The pilot, a pastor, 'The Smartest Teenager in the World' and a teenager with a backpack.",0
You know what the REAL difference between an alligator and a crocodile is?,0
What was the best part of dating in Soviet Russia?,0
I used to work in a messy glue and munitions factory.,0
Whats the difference between a bone saw and a cast saw?,0
"By popular demand, we now have a discord server. Join this",0
"Two friends are talking about the war on the Arabian Peninsula. One asks the other, Didn't a bunch of kids die or something? His friends responds:",0
An ugly guy walks into a bar...,0
A Nun is very distraught...,0
"Trump, Clinton, Obama, and Bush each ran a mile.",0
An astronaut is getting ready to go to space,0
Why does killing people in GTA make me happy?,0
Difference between an Anti Joke and just two sentences.,1
You know what's better than getting a pair of fancy prosthetic legs for free?,1
I'm on a seafood diet...,1
A guy walked into a bar...,1
"Hey, is your refrigerator running?",1
How to repost this post on this sub,1
Knock knock,1
What did Batman say to Robin before they got in the Batmobile?,1
You know what's better than a bike with only one wheel?,1
A man walked into a bar,1
What does Santa get when he gets stuck in the chimney?,1
"What do you get with a Polish mom, and a black dad?",1
I finally manned up and told my boss that he's a fucking wanker.,1
What's the difference between a Snowman and a Snowwoman?,1
Why did the man crash his car?,1
Michael J Fox,1
What do you call a joke told by your mums sister?,1
Why do pirates love reddit?,1
Why did the racist man went to the church?,1
I'm on a no seafood diet...,1
How do you keep a bunch of reddittors in suspense?,1
Only 50’s kids will get this joke,1
Why did Timmy cross the road?,1
Mods are asleep,1
Why is it so much harder to make enough money to live on these days?,1
My girlfriend has huge ______.,1
How do you tell the difference between a crocodile and an alligator?,1
What starts with m and ends in arriage,1
How many left wing liberals does it take to screw in a lightbulb?,1
How to avoid clickbait.,1
What’s more impactful on society than normal depression?,1
So a man walks into a bar...,1
Does this sub have anti jokes or is it just shit retellings of asking for upvotes?,1
What do you call a dog with no legs?,1
Wanna hear something that isn't funny?,1
What do you call silverware made of gold,1
I used to able to yodel.,1
How do you get 100 Jews into a Volkswagen?,1
What do you call a homosexual on a bicycle?,1
Knock knock,1
What’s a vampire’s favorite food?,1
What did the black guy send to reddit?,1
What's a cookie's favorite curse word?,1
How did the Grand Canyon get dug?,1
Why couldn’t the young pirate get into the movie?,1
What do you call silverware made of pure silver?,1
What's do people fear more than clowns?,1
What do they call a mexican with a rubber toe?,1
How come John didn’t come back from work today?,1
Why didn't the skeleton go to the dance?,1
A Republican and Democrat walk into a bar.,1
Two chemists walk into a bar.,1
Two men walk into a bar...,1
"What starts with “C”, ends with “T”, and has the letters “U” and “N” in between?",1
What's the difference between a spaceship and shaving cream?,1
Why did the little girl fall off the swing?,1
What did the cow watch at the theatre?,1
What's the difference between a black guy and a pizza?,1
What do you say when an accountant drops his wallet?,1
What did the redditor send to the anti-joke sub?,1
Knock knock,1
My son is not a 17 year old virgin anymore,1
Mary had a little lamb.,1
What do they call 'pickpocketing' in the UK?,1
What did the black cow say to the white cow?,1
Just figured out why my bag feels so heavy today:,1
what is bill cosbys favorite nfl team?,1
"Many people can't afford nice Christmas, treat them with your generous, large, meaty, veiny",1
I got my wife pregnant 15 months ago.,1
What's a king's favorite color?,1
"A man at the funeral approaches the widow and says, May I just say a few more words? ",1
Why did the chicken cross the road?,1
Like George Washington said many a time ...,1
I like my women like I like my coffee,1
I don't understand the point of this sub...,1
What is a vampire's most distinguishing characteristic?,1
What does iron maiden actually mean?,1
Why would Stevie Wonder be a horrible hockey player?,1
"What's white, fuzzy, and smells like moldy strawberries?",1
My son is not a 17 year old virgin anymore .,1
My son is blind wants to be a teacher for blind children when he grows up.,1
"354,678,097 people walk into a bar...",1
Did you know...,1
I’m not a 20-year old bottle of virgin olive oil.,1
Which race is the best race in the world?,1
My dad's not a 50 year old virgin anymore,1
Would you rather take a ham sandwich or a WNBA title for your city?,1
Why do pirates like Reddit?,1
What's blue and smells like red pants?,1
What did the writer say when he broke the fourth wall?,1
My wife is not a virgin anymore.,1
What's the difference between a wife and a washing machine?,1
I’m not a 24 year old virgin anymore,1
Why DIDN'T the chicken cross the road?,1
Why did George get hit by a bus?,1
What did the farmer say when he lost his tractor?,1
Why is the pen is mightier than the sword?,1
Everyone should have a safe word.,1
I dated a girl who only knew 4 vowels.,1
Wanna know a secret?,1
I'm Married,1
I'm not a 17 y/o virgin anymore.,1
Why did the plane crash,1
"a black man, jew, and a priest walk into a bar",1
What's the difference between a wife and a life?,1
What's the best part about fucking 20 year-old virgins?,1
Why did the chicken cross the road?,1
I like my Christmas presents like I like my coffee,1
I asked my friend in North Korea how it was over there.,1
How long does it takes for an engineering student to commit suicide?,1
What did Batman say to Robin when they ran to the Batmobile?,1
Finally got a girlfriend,1
This subreddit saved,1
Why did Ferdinand the I abdicate?,1
If someone dared me a million dollars to jump from the literal height of your ego down to your IQ.,1
How many balloons to you have to tie to a baby to make it float away??? 🎈 👶🏻,1
"If I throw a child across a room, into a piano, that makes me...",1
The teacher just wrote something invisible on the whiteboard.,1
I’m no longer a 21 year old virgin,1
My daughter isnt a virgin anymore,1
I’m not a 9 year old virgin anymore,1
How did the blonde starve to death?,1
Timmy came out the closet!,1
What do you call a black man flying a plane?,1
2 Jehovah’s Witnesses walk into a bar.,1
Yo mama so fat,1
Masturbation is the ho's ramen.,1
Bob couldn't drive.,1
What did the apple tree say to the orange tree?,1
A man walked into a car,1
You should hear this joke my wife told me.,1
How do you make a Janitor cry?,1
Why didn't the navy officer recieve their mail?,1
I'm not a 24 year old virgin anymore...,1
"These days, when reading suspense novels I often find myself wondering the same thing:",1
This is,1
How do you make YouTube rewind better?,1
What's the difference between a lobster and a bus stop?,1
What did the pregnant woman get when her water broke?,1
What happens when two introverts meet?,1
I’m not a 24 year old virgin anymore,1
What's worse than AIDs?,1
A person walks into a bar,1
There was a little boy who lived in a far away land.,1
I'm not a 24 year old virgin anymore,1
What’s golden and bad for your eyesight?,1
How do ants spell their names?,1
"Call me ignorant if you want, but south of the border is a sea.",1
My brain:,1
Wtf is an acronym,1
How many chickens does it take to feed a family?,1
", you inconsiderate fuck.",1
I asked this girl if she knows how to ride.,1
What song does the receptionist sing everyday after every customer?,1
A Man and a Woman Meet in a Bar,1
Why did the blind man buy a pet mouse?,1
How long is a Chinese name,1
Did you know that a piranha can devour a human child to the bone in 30 seconds?,1
I got jumped by 6 black guys and one of them said....,1
What do you get when you mix whale DNA and human DNA?,1
Q. Why did Lucy fall off the swing?,1
How many Germans does it take to change a light bulb?,1
How long is a German name?,1
The joke isn't in the title...,1
What do George Bush Sr and a brick have in common?,1
What do you get when you mix whale dna and human dna,1
At first I didn't like my new haircut,1
A black guy walks into a bar,1
Which season is it hottest?,1
Cheese is like ass...,1
How many shop assistants does it take to change a light bulb?,1
How do you drive a gay person to work?,1
"If you're an american before you go in the bathroom, and an american after you leave the bathroom, what are you while you're in the bathroom?",1
Click on this if you have low self-esteem...,1
Tommy and Amanda go to the prom.,1
"I crossed my fingers, she crossed her legs, Jesus died on the...",1
My uncle kicked the bucket yesterday...,1
Hydrogen atoms are often found...,1
You can judge a man by the shoes he wears...,1
What did the police officer say to the black guy,1
Did you hear about the Italian chef that died?,1
What do you call a fish with no eyes??,1
I got my wife pregnant 8 months ago,1
What do you call a Muslim who's flying an airplane?,1
What's the difference between Air Jordans and Air Planes?,1
Whyd my dad kick the shit out of me,1
What's Nine Plus Ten?,1
"Ben Dover, Mike Hunt and Peter File all walk into a room",1
"Are you seriously wearing tie-dye? Dude, the 80's called.",1
Dmcofjwofovkejwm,1
What’s the difference between poisonous and venomous?,1
What did the emo say to the other emo?,1
What kind of cheese do Germans like?,1
How do you ask a Mexican girl out on a date?,1
Me and my friends were told about this club that was meant to be amazing and we didn’t know what the fuss was about!,1
Your mom is so fat,1
YouTube Rewind 2018,1
What did the Australian chess player say when he was done eating at the restaurant?,1
How many babies does it take to paint a wall?,1
Who says women can't catch? My wife caught something just today!,1
"An entrepreneur, a Muslim, and a hippie all die in a car accident together.",1
Knock knock,1
"I don't always get matches on Tinder,",1
sdrawkcab taht daer won,1
Who lives in a pineapple under the sea?,1
Where do rich people go when they die?,1
"An academic, a politician, a journalist, a film star, a nobleman and a banker walk into a bar",1
Why did Hitler kill himself?,1
I got pregnant wife 8 months ago,1
Interviewer: Name one of your strengths,1
"What's long, hard, and full of people operating a submarine?",1
Knock Knock,1
Where do Jews buy their pork?,1
What’s at first dry and hard but once put in a mouth turns soft and wet and sticky?,1
I think I just saw my dead brother??,1
Where does a suicide bomber go when it dies?,1
"A homeless man walks into a bar,",1
Should I tell you the joke about the airplane?,1
You're not my real mom!!,1
I asked a German American citizen for directions to the capital...,1
What did the flying cat say to John Lennon?,1
What's the most important element of a joke?,1
What’s the difference between suicide bombers and kamikaze pilots?,1
What is a beaver’s favorite mathematical function?,1
"I went on a date with a Jewish girl, and I asked for her number",1
Why did the chicken cross the road?,1
I just saw my wife walk by with her sexiest underwear on which could only mean one thing...,1
What's a contract's favorite mathematical function?,1
What did the dragon say to the knight?,1
"A scientist watches you intently with pen poised over clipboard, waiting to see if you click.",1
Where do nuns go when they die?,1
I made a belt out of watches.,1
I was once compared to Einstein,1
What is an anti-joke?,1
What do you get when you mix a lion with a turtle?,1
How many antijokes can we tell before they get old?,1
What did Mrs. Claus say to Santa when she was looking out the window?,1
What do you call a fish with no eyes?,1
What's an alcoholic's favorite candy?,1
Do you want to hear a joke about butter?,1
Roses are Red,1
For fucks sake start posting anti jokes here not jokes.,1
What’s 9+10?,1
The black and white knight,1
Why couldn't the 11-year-old watch the pirate movie?,1
Your momma such a hoe...,1
Why is John going to jail for fucking his bosses' daughter?,1
NSFW What’s the difference between a lobster with breast implants and a dirty bus stop?,1
Scientific fact: If you took all the veins from your body and laid them end to end,1
How do you find the guy who overreacts to everything?,1
"Trump, Barack Obama, George W. Bush, Bill Clinton and Jimmy Carter walked into a church.",1
What did the farmer say when he lost his tractor?,1
Why did Paul die?,1
"Honey, I have something to tell you...",1
Do you remember this anti-joke?,1
What has 3 hands no legs no body and a face?,1
"At school, Scooby-Doo excelled at the three Rs",1
Oh your with her now,1
What do Germans call a German Shepherd?,1
What is the opposite of a 69?,1
Why don’t dinosaurs like ice cream,1
What is the value of a human life?,1
What’s worse than one bee sting?,1
What do you call an anti-joke with a punchline?,1
"i want to kill everyone on a bus with a bunch of straight people, where i'm the only gay one.",1
What do you call a person who has 1 leg?,1
Yo mama's so old,1
V,1
Have you ever eaten Ethiopian food?,1
When is a door not a door?,1
-What is the difference between a towel and toilet paper?,1
"What is hard and can fit in many holes, but is desired by no one?",1
What starts with 'w' and ends with hat ,1
Why did the chicken cross the road?,1
My neighbor had a talk with me about how noisy my cat is.,1
PH tells me their is a horny girl DTF &lt;1mile away.,1
A mass shooter walks into a bar,1
Why couldn't the polar bear hang out with the penguin?,1
What starts with F and ends with uck ,1
Why can’t you hear a pterodactyl going to the bathroom?,1
Why can't Tommy swim?,1
What starts with F and ends with uck ?,1
What did the 5 say to the 7?,1
What starts with a w and ends with hore ?,1
Two snowmen are sitting out on a yard.,1
What is Billy Joel's favorite food?,1
Ever had Ethiopian food?,1
A horse walks into a bar,1
why didn't dinosaurs go to the restroom?,1
What’s the cheapest way to go green?,1
Why did Billy drop his ball in the middle of the road?,1
What do you get if you cross a bad joke with a rhetorical question on Reddit?,1
"What starts with e , ends with e , and is only one letter?",1
Why did Johnny drop his lunchbox?,1
Mods are asleep.,1
Unfunny meth joke,1
What's the difference between a bear and a beer?,1
What has skin and is red inside?,1
Did you hear the one about the priest and the rabbi?,1
A criminal was suspected for murder.,1
Why do snipers close one eye when aiming?,1
What did the man with schizophrenia say to the other man with schizophrenia?,1
Why couldn't jenna brush her hair?,1
What do you call a racist Asian person,1
"Do you know, what's so funny about an anti joke?",1
What company’s game’ special edition advertising a canvas bag but sent you a nylon,1
Why did Jimmy cry in the shower?,1
What is meowing and stuck in a tree?,1
What’s the difference between me and a Scientologist?,1
What do you call an antisocial virgin who spends all their time on reddit?,1
Why couldn’t the African boy see his Dad?,1
Why are black people so good at basketball?,1
Is the glass half full or half empty?,1
You stole my heart the first time I ever saw you...,1
What did one Redditor say to the other Redditor?,1
What do you call a man with no arms and no legs laying on your doorstep?,1
What do you call an old snowman?,1
How do you beat Ben Shapiro in a debate?,1
Everybody sing along!,1
What do you call a dead hooker,1
Little Johnny had 69 with six 9 year old girls. How many years will he spend in prison?,1
How do you get your wife’s attention?,1
"Jackie Chan Died but No One Said a Word, Here's Why",1
My uncle said if i get 10 upvotes he wont abuse me,1
"What do you call a funny man named Matt with no arms or legs, sitting on your porch playing a guitar using a 1956 coin as a pick?",1
A black man walked into a bar and said Give me all your money .,1
"Suddenly you’re aware of your breathing, blinking, and...",1
A Brit and a Finn walk into a bar...,1
What's good for your teeth but bad for your brain?,1
I love the smell of my f5 key...,1
I almost had a threesome last night,1
What do you call an ex-glass salesman on death row?,1
My ex and I are on the same terms.,1
My friend said to me “what rhymes with orange”,1
Why did the chikcen cross the road?,1
Subverting expectations makes a good anti-joke a great anti-joke.,1
What do you call an overweight girl who has fucked 5 dudes in the last week,1
What do white supremacists have on their birthdays?,1
What did the cat say to the dog?,1
The first jerk off I ever experienced..,1
An old farmer had three sons,1
Why did the cucumber speak English?,1
Why were the bees migrating?,1
Why was the cosmetologist arrested?,1
"How do you get any kid to stop bad behavior, no matter what?",1
Why did little Jimmy miss the bus?,1
How can you tell a chemist from a plumber without seeing them?,1
"My friend said, I've got a lump on my testicle ",1
"I like to guess the lottery numbers right before the drawing. One night I picked my numbers, and to my surprise:",1
What is the difference between 9 and 6?,1
What do you call that ho over there,1
What do you call an orphan with parents?,1
Ugly is included...,1
I don't get the flu...,1
what did the ocean do when he saw the beach?,1
Knock knock...,1
An art thief broke into Louvre,1
Whats the difference between a hippo and a zippo?,1
What did the snake say to the mouse?,1
Why are pineapples called pineapples?,1
How can you tell a chemist from a plumber without seeing them?,1
Why did the redditor never get a top post in the sub?,1
Why should you not play drums at 3 am?,1
Helium walks into a bar.,1
What do you call corn without a husk?,1
They say one person in every group of friends is gay,1
" I'm sorry, but your wife didn't make it, a doctor said as he handed a man his newborn baby.",1
You know what’s more dangerous than scissors?,1
Did you hear about the vegan options at Subway?,1
why did ?,1
Why did Greg miss the school bus?,1
Why is Hawkman named Hawkman?,1
Why did the chicken cross the road?,1
Whats more dangerous than a hydrogen bomb?,1
Who needs sex when you get fucked by all your exams?,1
What did Donkey Kong name himself when he started making Russian Hardbass?,1
how do you make a woman fall for you,1
What's worse than finding a worm in your apple?,1
What do you call a male ladybug?,1
Why do black people like fried chicken?,1
Why is the iPhone X perfect for orphans?,1
What did the pirate say when the captain asked him why he looked so glum?,1
Why is shower gel dangerous?,1
What's the real reason I order olives and anchovies on my pizza?,1
My dad walked into a bar,1
Me: Why are you such a pussy?!,1
The easiest way to get a top post...,1
What weighs more: 1000 Kilograms of Iron or 1000 Kilograms of Feathers,1
What's worse than biting into an apple with a worm in it?,1
You know what’s more [X] than a [Y]?,1
Why did the stripper get kicked out of the club?,1
"What's more expensive, a ladder or a diamond?",1
What do you call a dinosaur that hides drugs in his tail?,1
I like my women how I like my coffee.,1
One day a sadistic chemistry professor wrote the perfect exam question.,1
What do you call an MP3?,1
A man asked a orthodonist “Surely you must know the answer: What is an antijoke?”,1
Whats a pig's favorite Shakespearean play?,1
What did Hitler say to the Jew?,1
Ask me if I’m a truck,1
Why did the woman go to the supermarket?,1
A Woman goes to adopt a pet parrot.,1
"if a man accidently kills another man, it's manslaughter. what is it called when a woman accidently kill another woman?",1
A man walked into a bar,1
Why was 6 afraid of 7?,1
a Chinese philosopher asks a German philosopher what is the meaning of life? ,1
How do you write a good anti-joke?,1
Why does Clark Kent wear glasses?,1
If I had a dollar...,1
They say love is more precious than gold,1
I bought a cat and a mouse. I named the cat Tom and the mouse Jerry.,1
What do you get when you cross an elephant and a giraffe?,1
Why did sally fall of the swing?,1
Me: Why are you such a bitch ?,1
What did the robot do to the grape?,1
"Doctor: I’m terribly sorry, but your kidneys are failing....",1
Everyone thinks my dog has rancid farts.,1
Ask me if I’m a tree.,1
"Alexa, How can you see through a wall of glass?",1
Prepared a hotpot and left it on my dining table for a day . .,1
You beauty is precious! Truly a treasure.,1
I'm in a band called Self-Deprecation.,1
What is worse than being a virgin at 40?,1
I hate when people ask what I’ll be doing in 2 years.,1
"Doctor: I'm terribly sorry, but your kidneys are failing...",1
What's brown and dickey?,1
What's brown and sticky?,1
Im not trying to be racist but...,1
What is green and smells yellow.,1
" I see, said the blind man,",1
Can June July?,1
What did the being made entirely out of ears say to his friend who said he needed to talk about something important?,1
Not to be racist or anything...,1
ulia went to 10 houses on her street for Halloween. 5 of the houses gave her a chocolate bar. What fraction of houses on Julia’s street gave her a chocolate bar?,1
"My hot lesbian neighbors gave me a Rolex for Christmas. It’s really cool, but I think they misunderstood me...",1
I'm not sexist but,1
If you laid all the cigarette butts in the world end to end...,1
Your mom is so fat,1
Is this funny?,1
Having birthdays is good for your health. Statistically the more birthdays you have the longer you live.,1
"My girlfriend said that if we get 1000 upvotes she would do anything,",1
Why do Asians always are seen as tourists?,1
How do you decrease chance of cuts while shaving?,1
If all the smokers in the world held hands in a giant chain around the globe...,1
"Fahrenheit 451 more like,",1
What should you never say to a pregnant woman?,1
Why was the fatalist sitting in the dark?,1
"A lost dog strays into a jungle. A lion sees this from a distance and says with caution this guy looks edible, never seen his kind before .",1
"The only thing worse than an unfinished antijoke,",1
Why did the chicken cross the road?,1
What has four legs and a horn,1
Why did the taxi fall into the ocean?,1
What do you get when you cross a dog with a cat,1
Why is the iPhone X a good phone for orphans?,1
What's the difference between an alpaca and a Llama?,1
"Give a man a fish and he won't be hungry for a day, beat a man to death with a fish...",1
What’s the difference between a turtle and a tortoise?,1
There's a saying that goes those who plant dates do not harvest them ,1
What's the difference between a piano and a tuna?,1
A very old woman with a cane cut in front of me at the checkout. She turned around and beamed a smile at me.,1
Why can't Helen Keller drive?,1
Two cows are standing in a field,1
"What gets longer if pulled, fits snugly between breasts, slides neatly into a hole, chokes people when used incorrectly, and works well when jerked?",1
"Did you hear the one about Aaron Burr? People say he shot a celebrity. After being acquitted in court, he returned to New York...",1
What do you call a fly with no wings?,1
The best hint a guy will pick up on is,1
Did you hear about the kidnapping?,1
An Irishman walks out of a bar,1
There's a hot single in your area ready to fuck.,1
Why did the woman go to the man's house?,1
Why did the chicken cross the road?,1
Why did the chicken cross the road?,1
What is heavier? A pound of bricks...,1
"Some guy walks into a bar, and screams “I’m an asshole!”",1
If you rearrange the letters in POSTMEN,1
What's a porn actor's favorite kind of nut?,1
The phlebotomist was feeling down so his colleague gave him some advice.,1
What do you call a whale that shoots sperm,1
What's yellow and hurts when it gets in your eyes?,1
a man saw his wife being unfaithful,1
What stopped the depressed boy from committing suicide?,1
Yo mama is so fat,1
Two blind Irish men order a black coffee in a German airport,1
Why did the chicken cross the road?,1
What happens when you put a werewolf on the moon?,1
r/jokes,1
What happened when the skunk walked into the court room?,1
"What do Stan lee, Robin williams and Steven Hawkins all have in common?",1
What stopped the depressed boy from committing suicide?,1
"What does a black guy, a Jewish boy, and a half-chinese woman have in common?",1
I haven’t worn a bra for more than a year,1
"A Rabbi, a Mexican, and a U.S. soldier sit next to each other on a plane",1
The Red Ribbon Story,1
What's the worst part of losing your wife?,1
So apparently cell phones cause cancer,1
What's the worst thing to say at a funeral?,1
If you rearrange the letters of POSTMAN,1
Why was the boy sad?,1
How did the old king prevent his hair from falling out?,1
What is the most difficult part about studying abroad while in a relationship?,1
How do the fat kid go to school?,1
That’s a nice ham you have.,1
Why didn’t the man jump off the bridge?,1
What prevented the suicidal girl from committing suicide?,1
Why did the guy fall into the well when he lost his glasses?,1
What do you get when you cross a donkey and a horse?,1
I caught my sister masturbating with a carrot. I was angry because I was going to eat that later.,1
What did one redditor say about another when he had his comment stolen for an anti joke?,1
I don't want to end the year on bad terms with anyone,1
"What's green and says, Hey, I'm a frog. ?",1
What's the worst joke you've ever heard?,1
Your pornstar name is:,1
What stopped the suicidal boy from jumping?,1
Updating a classic joke since trends have changed...,1
An interesting title,1
Why won't Stan Lee make a cameo in the new Aquaman film?,1
1+1=3,1
How do you make holy water?,1
If they made a sequel to Uno,1
What’s a Jew’s favorite food,1
What is brown and rhymes with Snoop?,1
Why did the man die?,1
What stopped the biker from dying in an accident,1
Why does every girl have an F on their report card?,1
Where can you find all the colors of the rainbow?,1
Why don't you see elephants hiding in trees?,1
I ate at Outback steakhouse...,1
"A jock, a weeb, and a furry walk into a bar",1
Why did the baby cross the road?,1
What do you call a kid with no arms and an eyepatch,1
Why did the kid drop his ice cream?,1
"A newlywed couple just landed in Hawaii for their honeymoon. The bride is a virgin, so she’s nervous ...",1
What’s something that gets longer inside your pants?,1
What's my favorite thing to shoot?,1
What do vegan cannibals eat?,1
What kind of cup has tea?,1
Y’all wanna hear a joke?,1
If a sequel to Uno is ever made,1
What's red and bad for your teeth?,1
Why did the black man die?,1
Tom Cruise walks into a bar,1
My wife kicked me out of the house because my Arnold Schwarzenegger impression was really bad. But don’t worry...,1
What has two thumbs and red all over?,1
I've always heard that icy is the easiest word to spell,1
I like my women like I like my eggs,1
Do you wanna go m8?,1
What would happen if I allowed Michael J. Fox to perform brain surgery on me?,1
What do you call a joke that references itself?,1
A man once bought a car...,1
What do you call a 3 legged frog?,1
Wanna hear an original joke ?,1
A Caucasian and an Asian walk into a bar..,1
Why wasn't Jerry invited to the party?,1
I like my porn like I like my tea.,1
What do you call a date between two blind people?,1
Why couldn’t the virgin get any upvotes on here?,1
I like my eggs like I like my women.,1
What do you call a Russian doctor?,1
What's worse than 100 Hitlers?,1
What happened when the bricklayer arrived at work?,1
I was stood up at the altar.,1
AITA for posting to the wrong sub?,1
My daughter asked for a cinderella themed birthday...,1
An apple a day keeps the doctor away.,1
This joke contains spoilers,1
Why did Jimmy fall of the bike?,1
My daughter asked for a Cinderella themed birthday party...,1
I like my coffee how I like my cocaine,1
Why do News have big noses?,1
Why did Jimmy get into a car accident?,1
What's worse than centipede?,1
What did the hay bale say to the other hay bale?,1
I think I banged a Chinese celebrity.,1
Two black guys walk into a bar...,1
What did Sarah do after Steven died?,1
What did the Bartender say to his most frequent patron?,1
I like my Coffee how I like Vodka...,1
A blind man walks into a bar,1
10000 clowns rush into a telephone booth,1
A little boy writes a letter to Santa asking for a younger sibling,1
How do you make a pig fly?,1
My Daughter Asked for a Cinderella Themed Birthday Party...,1
Want to hear a joke?,1
I time traveled back to Victorian England,1
How many kids with ADHD does it take to change a lightbulb?,1
Old Zukes has been taking a lot of licks for Facebook problems recently.,1
My roommates never take the dog for a walk.,1
What do you call an indian person?,1
What is it called when you kill your friend?,1
Why didn't hitler drink whiskey?,1
"What should you do if one day you wake up, feel your crotch area and notice you have 5 testicles instead of 3?",1
Mods are asleep,1
I’ve never asked anyone to walk a mile in my shoes.,1
I caught my brother dancing on the floor,1
What is a Flat Earther’s greatest fear?,1
I like my coffee like I like my heroin.,1
Mods are asleep,1
It’s “Bring Your Child to Work Day” in the newsroom of the Washington Post ...,1
what do nigerian people eat for dinner,1
How many doctors does it take to change a light bulb.,1
A man walks into a bar.,1
The one major advantage Mike Tyson would have over Muhammad Ali in the ring...,1
How much is 1 + 2 + 3?,1
Knock Knock,1
Coffee is like sex.,1
How many police officers does it take to change a lightbulb?,1
"I walked in on my daughter having sex. She yelled, Dad! I'm sorry! ",1
What is the most common food in China,1
Knock knock!,1
Words words words words words words punchline,1
What's the difference between a feminist and a turkey?,1
I can’t tell my dad jokes anymore.,1
How many rocks does it take to stop a blonde?,1
I like my coffee like I like my kids,1
A farmer was picking apples when he heard a noise. He walks over and sees three young women skinny dipping in a pond.,1
Don't look a gifted horse in the mouth.,1
A lion and a witch are waiting at a bus stop with a wardrobe.,1
"With the right set up, you can build up so much expectation, for instance: A cat, a priest, and a pianist are walking down the street. The pianist says, “Sure father, but that’s neither here...”",1
Two chemists walk into a bar,1
Rick Astley will give you any Pixar movie aside from one...,1
A duck walks into a bar...,1
Why did the lamp not have any friends?,1
"“Sir the electric power is flowing in both directions, damaging some of our equipment!”",1
I like my anti-jokes.,1
So I planted a seed in my garden...,1
"After a long time, I told my hot coworker how I felt. Turns out she felt the same way.",1
"What do you get when you put a Catholic, an atheist, a Jew, and a gay person all in a room?",1
An owl and a squirrel are both in a tree...,1
Yawning is like a cold...,1
Guy: Thank you for that creamy milkshake!,1
I like my spoilers like I like my spoilers...,1
I’ve seen the light at the end of a tunnel many times.,1
What do you call a hippo taking a nap?,1
I like my hot coffee how I like my anti jokes,1
have you heard of the cat named garfield?,1
What happens when a Jew and a Christian go into a bar?,1
"A lion, a tiger, and a clown walk into the ring.",1
What's the difference between a muslim and a goat?,1
"Hey, are you full of problems?",1
I like my coffee how I like my coffee,1
I like my coffee like I like my I like my coffee jokes,1
"No one got this in r/Jokes, maybe it'll work better here. What do you call a GOAT with a SCRAPE?",1
I like my anti-jokes like I like my anti-jokes,1
What looks like blue paint but smells like red paint,1
I like my coffee like I like my anti-jokes,1
What's better than reddit?,1
"What is long, black, and at least 6 inches?",1
What do you call a dragon that can fly.,1
I am not celebrating my birthday,1
I like coffee the way i like my antijokes,1
Eating salads is like eating mixed vegetables in lettuce...,1
Being arrogant is exactly like being an elephant in Africa,1
"What's red, white, and spreading everywhere?",1
I like my coffee,1
You know what they say...,1
"2 men crossed the street, 1 came back, then 5 crossed, and 3 came back...",1
I like my women like i like my coffee,1
What do you get when you mix lettuce and croutons?,1
coffee is best,1
Am man walks into a bar...,1
Want to know a funny joke?,1
Why did the killer murder his whole family?,1
How do you make a plumber cry?,1
"A man and a woman began having sex only 3 times a week. On one occasion the wife pointed at the window screaming  said, “look!”",1
A man walks into a bar,1
Have you heard the one about the priest and the farmer's daughter?,1
I like my coffee like I like my ex-wife,1
Want to know how to start an empire?,1
"You know what they say,",1
Be careful using anti-jokes,1
I like my coffee like I like my house...,1
Want to know how I know human flesh is sweet?,1
Framing.,1
I like my steak like i like my women,1
"Whats Black, Hard and 7 inches long?",1
what do atheists yell during sex?,1
I like my coffee how I like my slaves.,1
"A sheep, drum and a snake fell down a cliff",1
I like my women how I like my coffee...,1
What does Ben Shapiro like to drink in the morning?,1
Why did the monkey fall off the tree?,1
"What do the motions of an airplane propeller, a Blue-Ray Disk, a ferris wheel, and a circular saw blade all have in common?",1
I like my showers like I like my friendships,1
How is a raven like a writing desk?,1
I like my coffee like I like my grass...,1
I like my women like I like my coffee,1
I like my woman like how I like my coffee,1
I like my women like I like my coffee.,1
What do you call the doctor that finished last in class?,1
"Don’t open this, I broke the law",1
A Scientist walks into a bar,1
"A priest, a rabbi, and an atheist are on a boat",1
A man walks into a bar,1
What’s worse than having termites in your kitchen table?,1
I like my coffee like I like my coffee...,1
How do you call a dog that can program in Java?,1
I like my women how I like my coffee...,1
How come you never see elephants hiding in trees?,1
Whats worse than finding a worm in your apple?,1
What do you call a man who is having a really hard time dealing with the world?,1
You know what they say. Big feet...,1
I like my women how I like reddit,1
Fortnite made me gay.,1
You know what they say about guys with big shoes?,1
"It’s a pillow, it’s a pet",1
"What's red and brown, red and brown and squirty all over?",1
i like my coffee how i like my women,1
A stoner walks into a Dutch bar and lights up a joint.,1
A plumber goes to a water park,1
So I’ve been reading about Oscar Pistorius’ wife,1
A gymnast walks into a bar,1
Why did the chicken cross the road?,1
A llama walks into a grocery store,1
I'm as tolerant of gay people as I am of gluten,1
What's worse than dying?,1
"What is edible, but will possibly cause stomach aches?",1
Have you ever done anything illegal?,1
When do you know when to take your pet to the veterinarian?,1
Why can't you tell when a pterodactyl goes to the washroom?,1
My girlfriend couldn't walk after the first time we were intimate...,1
You can't spell advertisements without ...,1
I like my women like I like my washing machine,1
Mother told Lisa she could go on a date but she had to take her little brother Johnny with her.,1
Why did the chicken cross the road?,1
"Call me a racist if you want, but south of the border is a sea of violence, corruption and stupidity I wouldn't touch with a ten foot pole.",1
Who's there?,1
FACT: Pigeons die when they have sex.,1
Why did Jimmy drop his ice cream?,1
Today's political climate is like a magnet.,1
What do you call a guy in a wheelchair?,1
What’s one thing I would love for my birthday?,1
What's the difference between a grape and an elephant?,1
Does this joke have a punchline?,1
What do you call a dead moose?,1
I walked into my bedroom only to see my wife with another man.,1
Knock knock,1
How do T-Rex's high five each other?,1
Dave,1
" Dad, what's an antijoke? My son Billy asked.",1
What's bad for your teeth and makes them yellow?,1
"What’s long, brown, and rhymes with snoop?",1
What's the difference between a dead Jew and an orphan?,1
The one sign you don’t want to see at a hotel hot tub,1
I spent an hour writing something for r/relationship_advice,1
Donald Trump walked into a Mexican restaurant,1
An infinite number of mathematicians walk into a bar,1
My dad was someone whose life touched millions of people.,1
I trapped a couple of vegans in my basement.,1
What do gay people say after anal?,1
I once had a good time with some friends.,1
A finite number of mathematicians walked into a bar,1
The fire in my house was getting scarily big,1
My art is like communism.,1
"So my girlfriend has a twin sister and I mix them up sometimes, but this time I really screwed up...",1
You think YOUR job is tough?,1
Who can give a better speech than MLK?,1
What do you call a Deer with no Eyes?,1
Me: You'll never guess what happened last night!,1
What do you call my retarded friend,1
"whats the word that gingers can't spell,",1
What do you call someone from Israel that has to sneeze?,1
What's a word obsessed haters can't spell?,1
What is the difference between a duck?,1
An infinite number of mathematicians walk into a bar,1
What do you call a 17 year old Virgin?,1
You think MY job is tough?,1
What did the man say to the woman at the bar?,1
I'm not racist but,1
An apple a day keeps the doctor away,1
Do you know what ligma is?,1
"“Dad, is the Fibonacci sequence hard to understand?”",1
What do you call murder?,1
Whats the difference between one egg and a dozen eggs?,1
A man's fence is broken and he needs to hire someone to fix it.,1
How do you confuse a blonde?,1
I woke up with a penis in my mouth,1
What is green and has wheels?,1
"My body is in a disgusting, embarrassing, totally repulsive state right now.",1
A weasel walks into a bar,1
Why is my parrot dead?,1
"I have no life, no job, no money, no purpose... What am I?",1
What did the bully say to the kid who confronted him?,1
What is the best joke you ever heard?,1
Did I just blink?,1
How do you get a second chance at a first impression?,1
What do you call a city with a high homicide rate?,1
Set Your WiFi Password to 244466666,1
What’s worse than a giraffe with a sore throat?,1
"When people talk about the glass being half empty or half full, I always assume they are wrong.",1
What would the Flintstones be called if they were black?,1
I was fired after getting shot.,1
Where do black people get their cars from?,1
Dermatologists hate him...,1
"Boys go to Jupiter, Girls go to Venus...",1
Set your WiFi password to 244466666,1
Want to know what disappointment feels like?,1
"Roses are red, violets are red, everything is red,",1
How do you make a plumber sad?,1
What happened to the Redditor who got ran over by five trucks one by one?,1
Where do black people go to buy groceries?,1
"A man enters a bar, holding and aiming a loaded revolver at the patrons...",1
Why is there always traffic on the expressway?,1
What makes a fat kid cry,1
How do you stop a gunman in a wheelchair?,1
He... I just remembered something funny...,1
"Its a bird, its a plane!!",1
My girlfriend says if this gets 1000 upvotes she'll let me kiss her on the lips,1
What's blue and doesn't fit anymore?,1
What do you call a cow with no legs?,1
How do you spell disappointment?,1
Why can't penguins fly?,1
There's a reason they call me Isaac ( ͡° ͜ʖ ͡°),1
Foolproof way to make an anti-joke.,1
"What is big, black and hard?",1
Why can’t Hellen Keller drive?,1
A horse walked into a bar,1
What’s the most important part of a joke?,1
Why was six afraid of seven?,1
If i got a coin every time someone calls me gay,1
Why does Chuck Norris hate Christian Rock music,1
Did you know that ‘crédulo’ in Spanish means gullible!?!,1
It’s my dad’s 50th birthday tomorrow,1
Knock knock. Who’s there?,1
Helen Keller walks into a bar...,1
Why did the sheep in the field stop playing frisbee?,1
What do you call a black man on the moon?,1
What will be the punchline of this joke?,1
What is it,1
Why did the moron throw the clock out the window?,1
If you click on this post,1
You can tell a lot about the quality of a barbeque sauce by how much it tastes like pickles.,1
Where’s the punchline?,1
My wife just died of cancer...,1
"In America, bear eats you.",1
"Two guys are in Boston, driving a car...",1
There's a reason they don't call me Isaac,1
Why Was Six Afraid of Seven ?,1
How to become rich in seconds?,1
I'm not a virgin but,1
Some people say that polar bears are the cutest of the bears and some say it's the grizzly bears but deep down we all know...,1
What do you call a fish with no eyes?,1
Even Stevie Wonder can read sheet music better than me,1
